-- phpMyAdmin SQL Dump
-- version 4.7.7
-- https://www.phpmyadmin.net/
--
-- Host: localhost
-- Generation Time: May 16, 2018 at 03:34 PM
-- Server version: 5.6.38
-- PHP Version: 7.2.1

SET SQL_MODE = "NO_AUTO_VALUE_ON_ZERO";
SET time_zone = "+00:00";

--
-- Database: `PremierLeague`
--

-- --------------------------------------------------------

--
-- Table structure for table `ranking_klubow`
--

CREATE TABLE `ranking_klubow` (
  `Pozycja` int(11) DEFAULT NULL,
  `Drużyna` varchar(100) DEFAULT NULL,
  `Punkty` decimal(10,2) DEFAULT NULL,
  `Mecze` decimal(10,2) DEFAULT NULL,
  `W` decimal(10,2) DEFAULT NULL,
  `R` decimal(10,2) DEFAULT NULL,
  `P` decimal(10,2) DEFAULT NULL
) ENGINE=InnoDB DEFAULT CHARSET=utf8;

--
-- Dumping data for table `ranking_klubow`
--

INSERT INTO `ranking_klubow` (`Pozycja`, `Drużyna`, `Punkty`, `Mecze`, `W`, `R`, `P`) VALUES
(1, 'Leicester City', '81.00', '38.00', '23.00', '12.00', '3.00'),
(2, 'Arsenal Londyn', '71.00', '38.00', '20.00', '11.00', '7.00'),
(3, 'Tottenham Hotspur', '70.00', '38.00', '19.00', '13.00', '6.00'),
(4, 'Manchester City', '66.00', '38.00', '19.00', '9.00', '10.00'),
(5, 'Manchester United', '66.00', '38.00', '19.00', '9.00', '10.00'),
(6, 'Southampton', '63.00', '38.00', '18.00', '9.00', '11.00'),
(7, 'West Ham United', '62.00', '38.00', '16.00', '14.00', '8.00'),
(8, 'Liverpool FC', '60.00', '38.00', '16.00', '12.00', '10.00'),
(9, 'Stoke City', '51.00', '38.00', '14.00', '9.00', '15.00'),
(10, 'Chelsea Londyn', '50.00', '38.00', '12.00', '14.00', '12.00'),
(11, 'Everton', '47.00', '38.00', '11.00', '14.00', '13.00'),
(12, 'Swansea City', '47.00', '38.00', '12.00', '11.00', '15.00'),
(13, 'Watford', '45.00', '38.00', '12.00', '9.00', '17.00'),
(14, 'West Bromwich Albion', '43.00', '38.00', '10.00', '13.00', '15.00'),
(15, 'Crystal Palace', '42.00', '38.00', '11.00', '9.00', '18.00'),
(16, 'AFC Bournemouth', '42.00', '38.00', '11.00', '9.00', '18.00'),
(17, 'Sunderland', '39.00', '38.00', '9.00', '12.00', '17.00'),
(18, 'Newcastle United', '37.00', '38.00', '9.00', '10.00', '19.00'),
(19, 'Norwich', '34.00', '38.00', '9.00', '7.00', '22.00'),
(20, 'Aston Villa', '17.00', '38.00', '3.00', '8.00', '27.00');

-- --------------------------------------------------------

--
-- Table structure for table `stadion`
--

CREATE TABLE `stadion` (
  `pozycja` int(11) DEFAULT NULL,
  `Miasto` varchar(100) DEFAULT NULL,
  `Stadion` varchar(100) DEFAULT NULL,
  `Pojemność` varchar(100) DEFAULT NULL
) ENGINE=InnoDB DEFAULT CHARSET=utf8;

--
-- Dumping data for table `stadion`
--

INSERT INTO `stadion` (`pozycja`, `Miasto`, `Stadion`, `Pojemność`) VALUES
(5, 'Manchester', 'Old Trafford', '75 653'),
(2, 'Londyn', 'Emirates Stadium', '60 260'),
(4, 'Manchester', 'City of Manchester Stadium', '55 097'),
(18, 'Newcastle upon Tyne', 'St James’ Park', '52 338'),
(17, 'Sunderland', 'Stadium of Light', '48 707'),
(8, 'Liverpool', 'Anfield Road', '44 742'),
(20, 'Birmingham', 'Villa Park', '42 660'),
(10, 'Londyn', 'Stamford Bridge', '41 798'),
(11, 'Liverpool', 'Goodison Park', '39 571'),
(3, 'Londyn', 'White Hart Lane', '36 284'),
(7, 'Londyn', 'Boleyn Ground', '35 345'),
(6, 'Southampton', 'St Mary’s Stadium', '32 505'),
(1, 'Leicester', 'King Power Stadium', '32 312'),
(9, 'Stoke-on-Trent', 'Britannia Stadium', '27 740'),
(19, 'Norwich', 'Carrow Road', '27 010'),
(14, 'West Bromwich', 'The Hawthorns', '26 850'),
(15, 'Londyn', 'Selhurst Park', '25 073'),
(13, 'Watford', 'Vicarage Road', '21 500'),
(12, 'Swansea', 'Liberty Stadium', '20 999'),
(16, 'Bournemouth', 'Dean Court', '11 464');

-- --------------------------------------------------------

--
-- Table structure for table `strzelcy`
--

CREATE TABLE `strzelcy` (
  `pozycja` int(11) DEFAULT NULL,
  `Zawodnik` varchar(100) DEFAULT NULL,
  `Gry` decimal(10,2) DEFAULT NULL,
  `gole` decimal(10,2) DEFAULT NULL
) ENGINE=InnoDB DEFAULT CHARSET=utf8;

--
-- Dumping data for table `strzelcy`
--

INSERT INTO `strzelcy` (`pozycja`, `Zawodnik`, `Gry`, `gole`) VALUES
(3, 'Harry Kane', '38.00', '25.00'),
(4, 'Sergio Agüero', '30.00', '24.00'),
(1, 'Jamie Vardy', '36.00', '24.00'),
(11, 'Romelu Lukaku', '37.00', '18.00'),
(1, 'Riyad Mahrez', '37.00', '17.00'),
(2, 'Olivier Giroud', '38.00', '16.00'),
(17, 'Jermain Defoe', '33.00', '15.00'),
(13, 'Odion Ighalo', '37.00', '15.00'),
(2, 'Alexis Sánchez', '30.00', '13.00'),
(13, 'Troy Deeney', '38.00', '13.00'),
(10, 'Diego Costa', '28.00', '12.00'),
(12, 'André Ayew', '34.00', '12.00'),
(6, 'Graziano Pellè', '30.00', '11.00'),
(6, 'Sadio Mané', '37.00', '11.00'),
(5, 'Anthony Martial', '31.00', '11.00'),
(9, 'Marko Arnautovic', '34.00', '11.00'),
(12, 'Gylfi Sigurdsson', '36.00', '11.00'),
(18, 'Georginio Wijnaldum', '38.00', '11.00'),
(8, 'Roberto Firmino', '31.00', '10.00'),
(6, 'Shane Long', '28.00', '10.00'),
(3, 'Dele Alli', '33.00', '10.00'),
(7, 'Andy Carroll', '27.00', '9.00'),
(8, 'Christian Benteke', '29.00', '9.00'),
(18, 'Aleksandar Mitrovic', '34.00', '9.00'),
(14, 'Salomón Rondón', '34.00', '9.00'),
(7, 'Dimitri Payet', '30.00', '9.00'),
(4, 'Kelechi Iheanacho', '26.00', '8.00'),
(8, 'Daniel Sturridge', '14.00', '8.00'),
(8, 'Philippe Coutinho', '26.00', '8.00'),
(7, 'Michail Antonio', '26.00', '8.00'),
(5, 'Wayne Rooney', '28.00', '8.00'),
(11, 'Ross Barkley', '38.00', '8.00'),
(19, 'Dieumerci Mbokani', '29.00', '7.00'),
(9, 'Bojan', '27.00', '7.00'),
(4, 'Kevin De Bruyne', '25.00', '7.00'),
(10, 'Pedro', '29.00', '7.00'),
(6, 'Dusan Tadic', '34.00', '7.00'),
(20, 'Jordan Ayew', '30.00', '7.00'),
(7, 'Mark Noble', '37.00', '7.00'),
(1, 'Leonardo Ulloa', '29.00', '6.00'),
(12, 'Bafetimbi Gomis', '33.00', '6.00'),
(7, 'Manuel Lanzini', '26.00', '6.00'),
(4, 'Raheem Sterling', '31.00', '6.00'),
(16, 'Joshua King', '31.00', '6.00'),
(18, 'Ayoze Pérez', '34.00', '6.00'),
(4, 'Yaya Touré', '32.00', '6.00'),
(19, 'Nathan Redmond', '35.00', '6.00'),
(5, 'Juan Mata', '38.00', '6.00'),
(3, 'Christian Eriksen', '35.00', '6.00'),
(2, 'Mesut Özil', '35.00', '6.00');

-- --------------------------------------------------------

--
-- Table structure for table `trenerzy`
--

CREATE TABLE `trenerzy` (
  `pozycja` int(11) DEFAULT NULL,
  `Trener` varchar(100) DEFAULT NULL,
  `Kapitan` varchar(100) DEFAULT NULL,
  `Sponsor_techniczny` varchar(100) DEFAULT NULL,
  `Sponsor_strategiczny` varchar(100) DEFAULT NULL
) ENGINE=InnoDB DEFAULT CHARSET=utf8;

--
-- Dumping data for table `trenerzy`
--

INSERT INTO `trenerzy` (`pozycja`, `Trener`, `Kapitan`, `Sponsor_techniczny`, `Sponsor_strategiczny`) VALUES
(2, 'Arsène Wenger', 'Mikel Arteta', 'Puma', 'Emirates'),
(20, 'Eric Black (opiekun)', 'Micah Richards', 'Macron', 'Intuit QuickBooks'),
(16, 'Eddie Howe', 'Tommy Elphick', 'JD Sports', 'Mansion Group'),
(10, 'Guus Hiddink', 'John Terry', 'Adidas', 'Yokohama'),
(15, 'Alan Pardew', 'Mile Jedinak', 'Macron', 'Mansion Group'),
(11, 'David Unsworth\r\n Joe Royle (opiekunowie)', 'Phil Jagielka', 'Umbro', 'Chang'),
(1, 'Claudio Ranieri', 'Wes Morgan', 'Puma', 'King Power'),
(8, 'Jürgen Klopp', 'Jordan Henderson', 'New Balance', 'Standard Chartered'),
(4, 'Manuel Pellegrini', 'Vincent Kompany', 'Nike', 'Etihad Airways'),
(5, 'Louis van Gaal', 'Wayne Rooney', 'Adidas', 'Chevrolet'),
(18, 'Rafael Benítez', 'Fabricio Coloccini', 'Puma', 'Wonga'),
(19, 'Alex Neil', 'Russell Martin', 'Erreà', 'Aviva'),
(6, 'Ronald Koeman', 'José Fonte', 'Adidas', 'Veho'),
(9, 'Mark Hughes', 'Ryan Shawcross', 'New Balance', 'Bet365'),
(17, 'Sam Allardyce', 'John O’Shea', 'Adidas', 'Dafabet'),
(12, 'Francesco Guidolin', 'Ashley Williams', 'Adidas', 'GWFX'),
(3, 'Mauricio Pochettino', 'Hugo Lloris', 'Under Armour', 'AIA'),
(13, 'Quique Flores', 'Troy Deeney', 'Puma', '138.com'),
(14, 'Tony Pulis', 'Darren Fletcher', 'Adidas', 'Tlcbet'),
(7, 'Slaven Bilić', 'Mark Noble', 'Umbro', 'Betway');

-- --------------------------------------------------------

--
-- Table structure for table `zawodnik`
--

CREATE TABLE `zawodnik` (
  `Numer` int(11) DEFAULT NULL,
  `Poz` varchar(100) DEFAULT NULL,
  `Piłkarz` varchar(100) DEFAULT NULL,
  `ID_Klubu` decimal(10,2) DEFAULT NULL
) ENGINE=InnoDB DEFAULT CHARSET=utf8;

--
-- Dumping data for table `zawodnik`
--

INSERT INTO `zawodnik` (`Numer`, `Poz`, `Piłkarz`, `ID_Klubu`) VALUES
(1, 'BR', 'Willy Caballero', '10.00'),
(2, 'OB', 'Antonio Rüdiger', '10.00'),
(3, 'OB', 'Marcos Alonso', '10.00'),
(4, 'PO', 'Cesc Fàbregas', '10.00'),
(6, 'PO', 'Danny Drinkwater', '10.00'),
(7, 'PO', 'N’Golo Kanté', '10.00'),
(8, 'PO', 'Ross Barkley', '10.00'),
(9, 'NA', 'Álvaro Morata', '10.00'),
(10, 'PO', 'Eden Hazard', '10.00'),
(11, 'PO', 'Pedro', '10.00'),
(13, 'BR', 'Thibaut Courtois', '10.00'),
(14, 'PO', 'Tiemoué Bakayoko', '10.00'),
(15, 'PO', 'Victor Moses', '10.00'),
(18, 'NA', 'Olivier Giroud', '10.00'),
(21, 'OB', 'Davide Zappacosta', '10.00'),
(22, 'PO', 'Willian', '10.00'),
(24, 'OB', 'Gary Cahill (kapitan)', '10.00'),
(27, 'OB', 'Andreas Christensen', '10.00'),
(28, 'OB', 'César Azpilicueta (wicekapitan)', '10.00'),
(30, 'OB', 'David Luiz', '10.00'),
(33, 'OB', 'Emerson Palmieri', '10.00'),
(36, 'PO', 'Kyle Scott', '10.00'),
(37, 'BR', 'Eduardo', '10.00'),
(44, 'PO', 'Ethan Ampadu', '10.00'),
(1, 'BR', 'Claudio Bravo', '4.00'),
(2, 'OB', 'Kyle Walker', '4.00'),
(3, 'OB', 'Danilo', '4.00'),
(4, 'OB', 'Vincent Kompany (kapitan)', '4.00'),
(5, 'OB', 'John Stones', '4.00'),
(7, 'PO', 'Raheem Sterling', '4.00'),
(8, 'PO', 'İlkay Gündoğan', '4.00'),
(10, 'NA', 'Sergio Agüero', '4.00'),
(14, 'OB', 'Aymeric Laporte', '4.00'),
(17, 'PO', 'Kevin De Bruyne', '4.00'),
(18, 'PO', 'Fabian Delph', '4.00'),
(19, 'PO', 'Leroy Sané', '4.00'),
(20, 'PO', 'Bernardo Silva', '4.00'),
(21, 'PO', 'David Silva', '4.00'),
(22, 'OB', 'Benjamin Mendy', '4.00'),
(24, 'OB', 'Tosin Adarabioyo', '4.00'),
(25, 'PO', 'Fernandinho', '4.00'),
(30, 'OB', 'Nicolás Otamendi', '4.00'),
(31, 'BR', 'Ederson Moraes', '4.00'),
(33, 'NA', 'Gabriel Jesus', '4.00'),
(35, 'PO', 'Ołeksandr Zinczenko', '4.00'),
(42, 'PO', 'Yaya Touré (wicekapitan)', '4.00'),
(47, 'NA', 'Phil Foden', '4.00'),
(55, 'PO', 'Brahim Díaz', '4.00'),
(4, 'OB', 'Per Mertesacker (kapitan)', '2.00'),
(6, 'OB', 'Laurent Koscielny (wicekapitan)', '2.00'),
(7, 'PO', 'Henrich Mychitarian', '2.00'),
(8, 'PO', 'Aaron Ramsey', '2.00'),
(9, 'NA', 'Alexandre Lacazette', '2.00'),
(10, 'PO', 'Jack Wilshere', '2.00'),
(11, 'PO', 'Mesut Özil', '2.00'),
(13, 'BR', 'David Ospina', '2.00'),
(14, 'NA', 'Pierre-Emerick Aubameyang', '2.00'),
(16, 'OB', 'Rob Holding', '2.00'),
(17, 'NA', 'Alex Iwobi', '2.00'),
(18, 'OB', 'Nacho Monreal', '2.00'),
(19, 'PO', 'Santi Cazorla (3. kapitan)', '2.00'),
(20, 'OB', 'Shkodran Mustafi', '2.00'),
(21, 'OB', 'Calum Chambers', '2.00'),
(23, 'NA', 'Danny Welbeck', '2.00'),
(24, 'OB', 'Héctor Bellerín', '2.00'),
(27, 'OB', 'Konstandinos Mawropanos', '2.00'),
(29, 'PO', 'Granit Xhaka', '2.00'),
(30, 'PO', 'Ainsley Maitland-Niles', '2.00'),
(31, 'OB', 'Sead Kolašinac', '2.00'),
(33, 'BR', 'Petr Čech (4. kapitan)', '2.00'),
(35, 'PO', 'Mohamed Elneny', '2.00'),
(1, 'BR', 'David de Gea', '5.00'),
(2, 'OB', 'Victor Lindelöf', '5.00'),
(3, 'OB', 'Eric Bailly', '5.00'),
(4, 'OB', 'Phil Jones', '5.00'),
(5, 'OB', 'Marcos Rojo', '5.00'),
(6, 'PO', 'Paul Pogba', '5.00'),
(7, 'NA', 'Alexis Sánchez', '5.00'),
(8, 'PO', 'Juan Mata', '5.00'),
(9, 'NA', 'Romelu Lukaku', '5.00'),
(11, 'NA', 'Anthony Martial', '5.00'),
(12, 'OB', 'Chris Smalling', '5.00'),
(14, 'PO', 'Jesse Lingard', '5.00'),
(16, 'PO', 'Michael Carrick', '5.00'),
(17, 'OB', 'Daley Blind', '5.00'),
(18, 'PO', 'Ashley Young', '5.00'),
(19, 'NA', 'Marcus Rashford', '5.00'),
(20, 'BR', 'Sergio Romero', '5.00'),
(21, 'PO', 'Ander Herrera', '5.00'),
(23, 'OB', 'Luke Shaw', '5.00'),
(25, 'OB', 'Antonio Valencia', '5.00'),
(27, 'PO', 'Marouane Fellaini', '5.00'),
(31, 'PO', 'Nemanja Matić', '5.00'),
(36, 'OB', 'Matteo Darmian', '5.00'),
(39, 'PO', 'Scott McTominay', '5.00'),
(40, 'BR', 'Joel Castro Pereira', '5.00'),
(43, 'OB', 'Cameron Borthwick-Jackson', '5.00'),
(1, 'BR', 'Hugo Lloris (kapitan)', '3.00'),
(2, 'OB', 'Kieran Trippier', '3.00'),
(3, 'OB', 'Danny Rose', '3.00'),
(4, 'OB', 'Toby Alderweireld', '3.00'),
(5, 'OB', 'Jan Vertonghen', '3.00'),
(6, 'OB', 'Davinson Sánchez', '3.00'),
(7, 'PO', 'Son Heung-min', '3.00'),
(10, 'NA', 'Harry Kane', '3.00'),
(11, 'PO', 'Erik Lamela', '3.00'),
(12, 'PO', 'Victor Wanyama', '3.00'),
(13, 'BR', 'Michel Vorm', '3.00'),
(15, 'PO', 'Eric Dier', '3.00'),
(17, 'PO', 'Moussa Sissoko', '3.00'),
(18, 'NA', 'Fernando Llorente', '3.00'),
(19, 'PO', 'Moussa Dembélé', '3.00'),
(20, 'PO', 'Dele Alli', '3.00'),
(21, 'OB', 'Juan Foyth', '3.00'),
(22, 'BR', 'Paulo Gazzaniga', '3.00'),
(23, 'PO', 'Christian Eriksen', '3.00'),
(24, 'OB', 'Serge Aurier', '3.00'),
(27, 'PO', 'Lucas', '3.00'),
(29, 'PO', 'Harry Winks', '3.00'),
(33, 'OB', 'Ben Davies', '3.00'),
(37, 'OB', 'Kyle Walker-Peters', '3.00'),
(1, 'BR', 'Loris Karius', '8.00'),
(2, 'OB', 'Nathaniel Clyne', '8.00'),
(4, 'OB', 'Virgil van Dijk', '8.00'),
(5, 'PO', 'Georginio Wijnaldum', '8.00'),
(6, 'OB', 'Dejan Lovren', '8.00'),
(7, 'PO', 'James Milner (wicekapitan)', '8.00'),
(9, 'NA', 'Roberto Firmino', '8.00'),
(11, 'NA', 'Mohamed Salah', '8.00'),
(12, 'OB', 'Joe Gomez', '8.00'),
(14, 'PO', 'Jordan Henderson (kapitan)', '8.00'),
(17, 'OB', 'Ragnar Klavan', '8.00'),
(18, 'OB', 'Alberto Moreno', '8.00'),
(19, 'NA', 'Sadio Mané', '8.00'),
(20, 'PO', 'Adam Lallana', '8.00'),
(21, 'PO', 'Alex Oxlade-Chamberlain', '8.00'),
(22, 'BR', 'Simon Mignolet', '8.00'),
(23, 'PO', 'Emre Can', '8.00'),
(26, 'OB', 'Andy Robertson', '8.00'),
(28, 'NA', 'Danny Ings', '8.00'),
(29, 'NA', 'Dominic Solanke', '8.00'),
(32, 'OB', 'Joël Matip', '8.00'),
(34, 'BR', 'Ádám Bogdán', '8.00'),
(52, 'BR', 'Danny Ward', '8.00'),
(58, 'NA', 'Ben Woodburn', '8.00'),
(66, 'OB', 'Trent Alexander-Arnold', '8.00'),
(2, 'OB', 'Cédric', '6.00'),
(3, 'OB', 'Maya Yoshida', '6.00'),
(5, 'OB', 'Jack Stephens', '6.00'),
(6, 'OB', 'Wesley Hoedt', '6.00'),
(7, 'NA', 'Shane Long', '6.00'),
(8, 'PO', 'Steven Davis (wicekapitan)', '6.00'),
(9, 'NA', 'Guido Carrillo', '6.00'),
(10, 'NA', 'Charlie Austin', '6.00'),
(11, 'PO', 'Dušan Tadić', '6.00'),
(13, 'BR', 'Alex McCarthy', '6.00'),
(14, 'PO', 'Oriol Romeu', '6.00'),
(16, 'PO', 'James Ward-Prowse', '6.00'),
(18, 'PO', 'Mario Lemina', '6.00'),
(19, 'PO', 'Sofiane Boufal', '6.00'),
(20, 'NA', 'Manolo Gabbiadini', '6.00'),
(21, 'OB', 'Ryan Bertrand', '6.00'),
(22, 'PO', 'Nathan Redmond', '6.00'),
(23, 'PO', 'Pierre Højbjerg', '6.00'),
(25, 'OB', 'Florin Gardoș', '6.00'),
(26, 'OB', 'Jérémy Pied', '6.00'),
(28, 'BR', 'Stuart Taylor', '6.00'),
(30, 'OB', 'Will Wood', '6.00'),
(32, 'OB', 'Alfie Jones', '6.00'),
(34, 'PO', 'Jake Flannigan', '6.00'),
(35, 'OB', 'Jan Bednarek', '6.00'),
(38, 'PO', 'Sam McQueen', '6.00'),
(39, 'PO', 'Josh Sims', '6.00'),
(42, 'PO', 'Jake Hesketh', '6.00'),
(43, 'PO', 'Yan Valery', '6.00'),
(44, 'BR', 'Fraser Forster', '6.00'),
(61, 'NA', 'Michael Obafemi', '6.00'),
(1, 'BR', 'Łukasz Fabiański', '12.00'),
(2, 'NA', 'Wilfried Bony', '12.00'),
(4, 'PO', 'Ki Sung-yong', '12.00'),
(5, 'OB', 'Mike van der Hoorn', '12.00'),
(6, 'OB', 'Alfie Mawson', '12.00'),
(7, 'PO', 'Leon Britton', '12.00'),
(8, 'PO', 'Leroy Fer', '12.00'),
(10, 'NA', 'Tammy Abraham (wypożyczony z Chelsea)', '12.00'),
(11, 'NA', 'Luciano Narsingh', '12.00'),
(12, 'PO', 'Nathan Dyer', '12.00'),
(13, 'BR', 'Kristoffer Nordfeldt', '12.00'),
(14, 'PO', 'Tom Carroll', '12.00'),
(15, 'PO', 'Wayne Routledge', '12.00'),
(16, 'OB', 'Martin Olsson', '12.00'),
(17, 'NA', 'Sam Clucas', '12.00'),
(18, 'NA', 'Jordan Ayew', '12.00'),
(19, 'NA', 'André Ayew', '12.00'),
(22, 'OB', 'Àngel Rangel (kapitan)', '12.00'),
(24, 'NA', 'Andy King (wypożyczony z Leicester City)', '12.00'),
(25, 'BR', 'Erwin Mulder', '12.00'),
(26, 'OB', 'Kyle Naughton', '12.00'),
(27, 'OB', 'Kyle Bartley', '12.00'),
(33, 'OB', 'Federico Fernández (wicekapitan)', '12.00'),
(35, 'PO', 'Renato Sanches (wypożyczony z Bayernu)', '12.00'),
(52, 'OB', 'Connor Roberts', '12.00'),
(1, 'BR', 'Jack Butland', '9.00'),
(2, 'OB', 'Moritz Bauer', '9.00'),
(3, 'OB', 'Erik Pieters', '9.00'),
(4, 'PO', 'Joe Allen', '9.00'),
(5, 'OB', 'Kevin Wimmer', '9.00'),
(6, 'OB', 'Kurt Zouma (wypożyczony z Chelsea)', '9.00'),
(7, 'PO', 'Stephen Ireland', '9.00'),
(8, 'OB', 'Glen Johnson', '9.00'),
(9, 'NA', 'Saido Berahino', '9.00'),
(10, 'PO', 'Éric Maxim Choupo-Moting', '9.00'),
(11, 'NA', 'Jesé Rodríguez (wypożyczony z Paris Saint-Germain)', '9.00'),
(14, 'PO', 'Ibrahim Afellay', '9.00'),
(15, 'OB', 'Bruno Martins Indi', '9.00'),
(16, 'PO', 'Charlie Adam', '9.00'),
(17, 'OB', 'Ryan Shawcross (kapitan)', '9.00'),
(18, 'NA', 'Mame Biram Diouf', '9.00'),
(20, 'OB', 'Geoff Cameron', '9.00'),
(21, 'OB', 'Kostas Stafilidis (wypożyczony z Augsburgu)', '9.00'),
(22, 'PO', 'Xherdan Shaqiri', '9.00'),
(24, 'PO', 'Darren Fletcher', '9.00'),
(25, 'NA', 'Peter Crouch', '9.00'),
(27, 'PO', 'Papa Alioune Ndiaye', '9.00'),
(29, 'BR', 'Jakob Haugaard', '9.00'),
(31, 'PO', 'Thibaud Verlinden', '9.00'),
(32, 'PO', 'Ramadan Sobhi', '9.00'),
(33, 'BR', 'Lee Grant', '9.00'),
(36, 'OB', 'Harry Souttar', '9.00'),
(40, 'NA', 'Tyrese Campbell', '9.00'),
(42, 'OB', 'Thomas Edwards', '9.00'),
(55, 'PO', 'Lasse Sorensen', '9.00'),
(1, 'BR', 'Julián Speroni', '15.00'),
(2, 'OB', 'Joel Ward', '15.00'),
(3, 'OB', 'Patrick van Aanholt', '15.00'),
(4, 'PO', 'Luka Milivojević', '15.00'),
(5, 'OB', 'James Tomkins', '15.00'),
(6, 'OB', 'Scott Dann (kapitan)', '15.00'),
(7, 'PO', 'Yohan Cabaye', '15.00'),
(8, 'PO', 'Ruben Loftus-Cheek (wypożyczony z Chelsea)', '15.00'),
(10, 'PO', 'Andros Townsend', '15.00'),
(11, 'PO', 'Wilfried Zaha', '15.00'),
(12, 'OB', 'Mamadou Sakho', '15.00'),
(13, 'BR', 'Wayne Hennessey', '15.00'),
(14, 'PO', 'Lee Chung-yong', '15.00'),
(17, 'NA', 'Christian Benteke', '15.00'),
(18, 'PO', 'James McArthur', '15.00'),
(19, 'NA', 'Freddie Ladapo', '15.00'),
(21, 'NA', 'Connor Wickham', '15.00'),
(22, 'PO', 'Jordon Mutch', '15.00'),
(23, 'OB', 'Pape Souaré', '15.00'),
(24, 'NA', 'Timothy Fosu-Mensah (wypożyczony z Manchester United)}}', '15.00'),
(25, 'PO', 'Sullay Kaikai', '15.00'),
(26, 'PO', 'Bakary Sako', '15.00'),
(27, 'OB', 'Damien Delaney', '15.00'),
(31, 'OB', 'Jeff Schlupp', '15.00'),
(32, 'NA', 'Levi Lumeka', '15.00'),
(34, 'OB', 'Martin Kelly', '15.00'),
(42, 'PO', 'Jason Puncheon', '15.00'),
(44, 'OB', 'Jaïro Riedewald', '15.00'),
(33, 'OB', 'Jarosław Jach', '15.00'),
(1, 'BR', 'Jordan Pickford', '11.00'),
(2, 'PO', 'Morgan Schneiderlin', '11.00'),
(3, 'OB', 'Leighton Baines', '11.00'),
(4, 'OB', 'Michael Keane', '11.00'),
(5, 'OB', 'Ashley Williams', '11.00'),
(6, 'OB', 'Phil Jagielka (kapitan)', '11.00'),
(7, 'PO', 'Yannick Bolasie', '11.00'),
(10, 'NA', 'Wayne Rooney', '11.00'),
(11, 'PO', 'Theo Walcott', '11.00'),
(13, 'OB', 'Eliaquim Mangala (wypożyczony z Manchester City)', '11.00'),
(14, 'NA', 'Cenk Tosun', '11.00'),
(15, 'PO', 'Cuco Martina', '11.00'),
(16, 'PO', 'James McCarthy', '11.00'),
(17, 'PO', 'Idrissa Gueye', '11.00'),
(18, 'PO', 'Gylfi Sigurðsson', '11.00'),
(19, 'NA', 'Baye Oumar Niasse', '11.00'),
(20, 'PO', 'Davy Klaassen', '11.00'),
(22, 'BR', 'Maarten Stekelenburg', '11.00'),
(23, 'OB', 'Séamus Coleman', '11.00'),
(25, 'OB', 'Ramiro Funes Mori', '11.00'),
(26, 'PO', 'Tom Davies', '11.00'),
(27, 'PO', 'Nikola Vlašić', '11.00'),
(29, 'NA', 'Dominic Calvert-Lewin', '11.00'),
(30, 'OB', 'Mason Holgate', '11.00'),
(33, 'BR', 'Joel Robles', '11.00'),
(43, 'OB', 'Jonjoe Kenny', '11.00'),
(54, 'PO', 'Beni Baningime', '11.00'),
(2, 'OB', 'Winston Reid (wicekapitan)', '7.00'),
(3, 'OB', 'Aaron Cresswell', '7.00'),
(5, 'OB', 'Pablo Zabaleta', '7.00'),
(7, 'NA', 'Marko Arnautović', '7.00'),
(8, 'PO', 'Cheikhou Kouyaté', '7.00'),
(9, 'NA', 'Andy Carroll', '7.00'),
(10, 'PO', 'Manuel Lanzini', '7.00'),
(12, 'NA', 'Jordan Hugill', '7.00'),
(13, 'BR', 'Adrián', '7.00'),
(14, 'PO', 'Pedro Obiang', '7.00'),
(16, 'PO', 'Mark Noble (kapitan)', '7.00'),
(17, 'NA', 'Javier Hernández', '7.00'),
(18, 'PO', 'João Mário (wypożyczony z Interu)', '7.00'),
(19, 'OB', 'James Collins', '7.00'),
(21, 'OB', 'Angelo Ogbonna', '7.00'),
(22, 'OB', 'Sam Byram', '7.00'),
(23, 'PO', 'Sead Hakšabanović', '7.00'),
(25, 'BR', 'Joe Hart (wypożyczony z Manchesteru City)', '7.00'),
(26, 'OB', 'Arthur Masuaku', '7.00'),
(27, 'OB', 'Patrice Evra', '7.00'),
(30, 'PO', 'Michail Antonio', '7.00'),
(31, 'PO', 'Edimilson Fernandes', '7.00'),
(32, 'OB', 'Reece Burke', '7.00'),
(33, 'OB', 'Josh Cullen', '7.00'),
(39, 'OB', 'Josh Pask', '7.00'),
(41, 'OB', 'Declan Rice', '7.00'),
(43, 'PO', 'Marcus Browne', '7.00'),
(45, 'PO', 'Grady Diangana', '7.00'),
(1, 'BR', 'Ben Foster', '14.00'),
(2, 'OB', 'Allan Nyom', '14.00'),
(3, 'OB', 'Kieran Gibbs', '14.00'),
(4, 'NA', 'Hal Robson-Kanu', '14.00'),
(5, 'PO', 'Claudio Yacob', '14.00'),
(6, 'OB', 'Jonny Evans', '14.00'),
(7, 'PO', 'James Morrison', '14.00'),
(8, 'PO', 'Jake Livermore', '14.00'),
(9, 'NA', 'Salomón Rondón', '14.00'),
(10, 'PO', 'Matt Phillips', '14.00'),
(11, 'PO', 'Chris Brunt (wicekapitan)', '14.00'),
(13, 'BR', 'Boaz Myhill', '14.00'),
(14, 'PO', 'James McClean', '14.00'),
(15, 'NA', 'Daniel Sturridge (wypożyczony z Liverpoolu)', '14.00'),
(16, 'OB', 'Ali Gabr (wypożyczony z Zamalek)', '14.00'),
(17, 'PO', 'Oliver Burke', '14.00'),
(18, 'PO', 'Gareth Barry', '14.00'),
(19, 'NA', 'Jay Rodriguez', '14.00'),
(20, 'PO', 'Grzegorz Krychowiak (wypożyczony z PSG)', '14.00'),
(22, 'PO', 'Nacer Chadli', '14.00'),
(23, 'OB', 'Gareth McAuley', '14.00'),
(25, 'OB', 'Craig Dawson', '14.00'),
(26, 'OB', 'Ahmad Hidżazi', '14.00'),
(28, 'PO', 'Sam Field', '14.00'),
(34, 'OB', 'Rekeem Harper', '14.00'),
(40, 'BR', 'Alex Palmer', '14.00'),
(45, 'NA', 'Jonathan Leko', '14.00'),
(54, 'OB', 'Max Melbourne', '14.00'),
(1, 'BR', 'Kasper Schmeichel (wicekapitan)', '1.00'),
(2, 'OB', 'Danny Simpson', '1.00'),
(3, 'PO', 'Ben Chilwell', '1.00'),
(5, 'OB', 'Wes Morgan (kapitan)', '1.00'),
(6, 'OB', 'Robert Huth', '1.00'),
(7, 'NA', 'Demarai Gray', '1.00'),
(8, 'NA', 'Kelechi Iheanacho', '1.00'),
(9, 'NA', 'Jamie Vardy', '1.00'),
(11, 'PO', 'Marc Albrighton', '1.00'),
(12, 'BR', 'Ben Hamer', '1.00'),
(14, 'NA', 'Adrien Silva', '1.00'),
(15, 'OB', 'Harry Maguire', '1.00'),
(16, 'OB', 'Aleksandar Dragović (wypożyczony z Bayeru)', '1.00'),
(17, 'BR', 'Eldin Jakupović', '1.00'),
(18, 'PO', 'Daniel Amartey', '1.00'),
(20, 'NA', 'Shinji Okazaki', '1.00'),
(21, 'PO', 'Vicente Iborra', '1.00'),
(22, 'PO', 'Matty James', '1.00'),
(25, 'PO', 'Wilfred Ndidi', '1.00'),
(26, 'PO', 'Riyad Mahrez', '1.00'),
(28, 'OB', 'Christian Fuchs', '1.00'),
(29, 'OB', 'Yohan Benalouane', '1.00'),
(30, 'NA', 'George Thomas', '1.00'),
(32, 'PO', 'Harvey Barnes', '1.00'),
(33, 'PO', 'Fousseni Diabaté', '1.00'),
(34, 'OB', 'Josh Knight', '1.00'),
(38, 'PO', 'Hamza Choudhury', '1.00'),
(1, 'BR', 'Rob Elliot', '18.00'),
(2, 'OB', 'Ciaran Clark', '18.00'),
(3, 'OB', 'Paul Dummett', '18.00'),
(6, 'OB', 'Jamaal Lascelles (kapitan)', '18.00'),
(7, 'NA', 'Jacob Murphy', '18.00'),
(8, 'PO', 'Jonjo Shelvey', '18.00'),
(9, 'NA', 'Dwight Gayle', '18.00'),
(10, 'PO', 'Mohamed Diamé', '18.00'),
(11, 'PO', 'Matt Ritchie', '18.00'),
(12, 'BR', 'Martin Dúbravka (wypożyczony z Sparty Praga)', '18.00'),
(13, 'NA', 'Islam Slimani (wypożyczony z Leicester City)', '18.00'),
(14, 'PO', 'Isaac Hayden', '18.00'),
(15, 'PO', 'Kenedy (wypożyczony z Chelsea)', '18.00'),
(17, 'NA', 'Ayoze Pérez', '18.00'),
(18, 'OB', 'Chancel Mbemba', '18.00'),
(19, 'OB', 'Javier Manquillo', '18.00'),
(20, 'OB', 'Florian Lejeune', '18.00'),
(21, 'NA', 'Joselu', '18.00'),
(22, 'OB', 'DeAndre Yedlin', '18.00'),
(23, 'PO', 'Mikel Merino (wypożyczony z Borussii Dortmund)', '18.00'),
(25, 'OB', 'Massadio Haïdara', '18.00'),
(26, 'BR', 'Karl Darlow', '18.00'),
(27, 'OB', 'Jesús Gámez', '18.00'),
(30, 'PO', 'Christian Atsu', '18.00'),
(1, 'BR', 'Jason Steele', '17.00'),
(2, 'OB', 'Billy Jones', '17.00'),
(3, 'OB', 'Bryan Oviedo', '17.00'),
(4, 'PO', 'Paddy McNair', '17.00'),
(5, 'OB', 'Papy Djilobodji', '17.00'),
(6, 'PO', 'Lee Cattermole', '17.00'),
(7, 'NA', 'Jeremain Lens', '17.00'),
(8, 'PO', 'Jack Rodwell', '17.00'),
(9, 'NA', 'James Vaughan', '17.00'),
(10, 'PO', 'Wahbi Khazri', '17.00'),
(11, 'OB', 'Lewis Grabban (wypożyczony z Bournemouth)', '17.00'),
(12, 'BR', 'Mika', '17.00'),
(14, 'NA', 'Duncan Watmore', '17.00'),
(15, 'OB', 'Brendan Galloway (wypożyczony z Evertonu)', '17.00'),
(16, 'OB', 'John O’Shea (kapitan)', '17.00'),
(17, 'PO', 'Didier Ndong', '17.00'),
(18, 'OB', 'Tyias Browning (wypożyczony z Evertonu)', '17.00'),
(19, 'NA', 'Aiden McGeady', '17.00'),
(20, 'NA', 'Josh Maja', '17.00'),
(21, 'OB', 'Adam Matthews', '17.00'),
(22, 'OB', 'Donald Love', '17.00'),
(23, 'OB', 'Lamine Koné', '17.00'),
(24, 'PO', 'Darron Gibson', '17.00'),
(25, 'BR', 'Robbin Ruiter', '17.00'),
(26, 'PO', 'George Honeyman', '17.00'),
(27, 'PO', 'Lynden Gooch', '17.00'),
(1, 'BR', 'Sam Johnstone (wypożyczony z Manchesteru United)', '20.00'),
(2, 'OB', 'Ritchie De Laet', '20.00'),
(3, 'OB', 'Neil Taylor', '20.00'),
(4, 'OB', 'Christopher Samba', '20.00'),
(5, 'OB', 'James Chester', '20.00'),
(6, 'PO', 'Glenn Whelan', '20.00'),
(7, 'PO', 'Robert Snodgrass (wypożyczony z West Ham United)', '20.00'),
(8, 'PO', 'Henri Lansbury', '20.00'),
(9, 'NA', 'Scott Hogan', '20.00'),
(10, 'PO', 'Jack Grealish', '20.00'),
(11, 'NA', 'Gabriel Agbonlahor', '20.00'),
(13, 'BR', 'Jed Steer', '20.00'),
(14, 'PO', 'Conor Hourihane', '20.00'),
(15, 'PO', 'Mile Jedinak', '20.00'),
(16, 'OB', 'James Bree', '20.00'),
(17, 'OB', 'Micah Richards', '20.00'),
(18, 'PO', 'Josh Onomah (wypożyczony z Tottenhamu)', '20.00'),
(19, 'NA', 'Andre Green', '20.00'),
(20, 'PO', 'Birkir Bjarnason', '20.00'),
(21, 'OB', 'Alan Hutton', '20.00'),
(22, 'NA', 'Jonathan Kodjia', '20.00'),
(24, 'OB', 'Tommy Elphick', '20.00'),
(26, 'OB', 'John Terry (kapitan)', '20.00'),
(27, 'PO', 'Ahmed El-Mohamadi', '20.00'),
(31, 'BR', 'Mark Bunn', '20.00'),
(37, 'NA', 'Albert Adomah', '20.00'),
(38, 'PO', 'Jordan Lyden', '20.00'),
(44, 'NA', 'Ross McCormack', '20.00'),
(1, 'BR', 'Artur Boruc', '16.00'),
(2, 'OB', 'Simon Francis (kapitan)', '16.00'),
(3, 'OB', 'Steve Cook', '16.00'),
(4, 'OB', 'Dan Gosling', '16.00'),
(5, 'OB', 'Nathan Aké', '16.00'),
(6, 'PO', 'Andrew Surman', '16.00'),
(7, 'PO', 'Marc Pugh', '16.00'),
(8, 'PO', 'Harry Arter', '16.00'),
(11, 'PO', 'Charlie Daniels', '16.00'),
(13, 'NA', 'Callum Wilson', '16.00'),
(14, 'OB', 'Brad Smith', '16.00'),
(15, 'NA', 'Adam Smith', '16.00'),
(16, 'PO', 'Lewis Cook', '16.00'),
(17, 'NA', 'Joshua King', '16.00'),
(18, 'NA', 'Jermain Defoe', '16.00'),
(19, 'PO', 'Junior Stanislas', '16.00'),
(22, 'PO', 'Emerson Hyndman', '16.00'),
(24, 'PO', 'Ryan Fraser', '16.00'),
(26, 'OB', 'Tyrone Mings', '16.00'),
(27, 'BR', 'Asmir Begović', '16.00'),
(29, 'OB', 'Rhoys Wiggins', '16.00'),
(31, 'NA', 'Lys Mousset', '16.00'),
(33, 'PO', 'Jordon Ibe', '16.00'),
(42, 'OB', 'Jack Simpson', '16.00'),
(58, 'PO', 'Kyle Taylor', '16.00'),
(1, 'BR', 'Heurelho Gomes', '13.00'),
(2, 'OB', 'Daryl Janmaat', '13.00'),
(3, 'OB', 'Miguel Britos', '13.00'),
(4, 'OB', 'Younès Kaboul', '13.00'),
(5, 'OB', 'Sebastian Prödl', '13.00'),
(6, 'OB', 'Adrian Mariappa', '13.00'),
(7, 'NA', 'Gerard Deulofeu (wypożyczony z Barcelony)', '13.00'),
(8, 'PO', 'Tom Cleverley', '13.00'),
(9, 'NA', 'Troy Deeney (kapitan)', '13.00'),
(11, 'PO', 'Richarlison', '13.00'),
(12, 'PO', 'Didier Ibrahim Ndong (wypożyczony z Sunderlandu)', '13.00'),
(13, 'OB', 'Molla Wagué (wypożyczony z Udinese)', '13.00'),
(14, 'PO', 'Nathaniel Chalobah', '13.00'),
(15, 'OB', 'Craig Cathcart', '13.00'),
(16, 'PO', 'Abdoulaye Doucouré', '13.00'),
(17, 'NA', 'Jerome Sinclair', '13.00'),
(18, 'NA', 'Andre Gray', '13.00'),
(19, 'PO', 'Will Hughes', '13.00'),
(20, 'PO', 'Dodi Lukebakio', '13.00'),
(21, 'OB', 'Kiko Femenía', '13.00'),
(22, 'OB', 'Marvin Zeegelaar', '13.00'),
(25, 'OB', 'José Holebas', '13.00'),
(27, 'OB', 'Christian Kabasele', '13.00'),
(28, 'PO', 'André Carrillo (wypożyczony z Benfiki)', '13.00'),
(29, 'PO', 'Étienne Capoue', '13.00'),
(30, 'BR', 'Orestis Karnezis (wypożyczony z Udinese)', '13.00'),
(31, 'OB', 'Thomas Hoban', '13.00'),
(33, 'NA', 'Stefano Okaka', '13.00'),
(35, 'BR', 'Daniel Bachmann', '13.00'),
(37, 'PO', 'Roberto Pereyra', '13.00'),
(4, 'PO', 'Graham Dorrans', '19.00'),
(5, 'OB', 'Russell Martin (kapitan)', '19.00'),
(7, 'NA', 'Steven Naismith', '19.00'),
(8, 'PO', 'Jonny Howson', '19.00'),
(9, 'NA', 'Nélson Oliveira', '19.00'),
(10, 'NA', 'Cameron Jerome', '19.00'),
(11, 'NA', 'Matt Jarvis', '19.00'),
(13, 'BR', 'Paul Jones', '19.00'),
(14, 'PO', 'Wes Hoolahan', '19.00'),
(15, 'OB', 'Timm Klose', '19.00'),
(17, 'NA', 'Yanic Wildschut', '19.00'),
(21, 'PO', 'Alex Pritchard', '19.00'),
(22, 'PO', 'Jacob Murphy', '19.00'),
(25, 'OB', 'Ivo Pinto', '19.00'),
(27, 'PO', 'Alexander Tettey (wicekapitan)', '19.00'),
(28, 'PO', 'James Maddison', '19.00'),
(30, 'NA', 'Carlton Morris', '19.00'),
(31, 'NA', 'Josh Murphy', '19.00'),
(33, 'BR', 'Michael McGovern', '19.00'),
(34, 'PO', 'Louis Thompson', '19.00'),
(35, 'OB', 'Ben Godfrey', '19.00');
